{
  "name": "English",
  "vowel": {
    "singles": [
      ["a", 0.0812],
      ["e", 0.1202],
      ["i", 0.0731],
      ["o", 0.0768],
      ["u", 0.0288],
      ["y", 0.0211]
    ],
    "groups": [
      ["ou", 0.0115],
      ["ea", 0.0110],
      ["ee", 0.0038],
      ["oo", 0.0021],
      ["ii", 0.00023],
      ["uu", 0.00001],
      ["aa", 0.00003]
    ],
    "singles_weight": 0.1,
    "groups_weight": 1
  },
  "consonant": {
    "singles": [
      ["b", 0.0149],
      ["c", 0.0271],
      ["d", 0.0432],
      ["f", 0.0230],
      ["g", 0.0203],
      ["h", 0.0592],
      ["j", 0.0010],
      ["k", 0.0069],
      ["l", 0.0398],
      ["m", 0.0261],
      ["n", 0.0695],
      ["p", 0.0182],
      ["q", 0.0011],
      ["r", 0.0602],
      ["s", 0.0628],
      ["t", 0.0910],
      ["v", 0.0111],
      ["w", 0.0209],
      ["x", 0.0017],
      ["z", 0.0007]
    ],
    "groups": [
      ["th", 0.0330],
      ["nd", 0.0181],
      ["st", 0.0109],
      ["nt", 0.0106],
      ["ng", 0.0092],
      ["ll", 0.0057],
      ["ss", 0.0040],
      ["ff", 0.0015],
      ["tt", 0.0017],
      ["pp", 0.0014],
      ["rr", 0.0012],
      ["mm", 0.0009],
      ["cc", 0.0008],
      ["nn", 0.0007],
      ["dd", 0.0004],
      ["gg", 0.00025],
      ["bb", 0.00011],
      ["zz", 0.00003],
      ["xx", 0.00003],
      ["hh", 0.00001]
    ],
    "singles_weight": 0.1,
    "groups_weight": 1
  },
  "force_first_consonant": false,
  "force_last_vowel": false
}